word_count,sentence_count,average_sentence_length,unique_words,lexical_diversity,question_count,average_word_length,punctuation_density,readability_estimate,argument_length,complexity_score,persuasiveness,human_score,winner
13,1,13.0,8,0.635,1,4.503,0.0726,47.29,73,15.131,5.66,4.46,Agent B
127,9,14.111,97,0.767,2,5.473,0.0623,52.49,828,17.687,7.115,7.35,Agent B
85,6,14.167,59,0.698,2,5.48,0.0417,56.89,553,17.377,3.029,6.21,Agent B
45,3,15.0,25,0.564,1,6.146,0.0377,39.27,296,18.037,4.154,6.68,Agent A
195,12,16.25,91,0.467,0,4.456,0.0649,56.21,1074,15.519,4.602,7.36,Agent A
115,9,12.778,78,0.678,0,5.109,0.0646,53.86,712,16.167,4.754,7.03,Agent B
165,12,13.75,95,0.575,3,4.956,0.036,69.3,995,15.807,1.927,6.46,Agent B
155,9,17.222,126,0.812,1,5.225,0.0594,29.61,977,18.788,4.431,8.1,Agent A
181,11,16.455,80,0.444,2,6.498,0.1133,50.59,1342,18.546,1.153,6.43,Agent B
150,9,16.667,74,0.496,0,4.76,0.0539,21.7,866,16.285,5.746,6.78,Agent B
194,14,13.857,142,0.732,0,4.99,0.0542,75.96,1169,16.687,1.191,3.88,Agent B
158,7,22.571,102,0.646,1,5.4,0.0857,49.27,993,20.36,2.374,7.99,Agent A
231,17,13.588,161,0.697,2,5.336,0.0831,60.17,1473,16.926,0.0,4.98,Agent B
53,3,17.667,30,0.562,0,5.802,0.0658,30.04,358,18.579,2.712,5.99,Agent B
303,12,25.25,157,0.518,2,5.321,0.0791,66.25,1905,20.669,1.275,6.51,Agent B
25,2,12.5,22,0.876,0,4.332,0.0917,2.96,116,15.876,2.4,4.52,Agent B
115,7,16.429,52,0.455,0,4.914,0.0596,70.74,687,16.217,4.366,5.86,Agent B
133,5,26.6,108,0.809,1,4.321,0.0788,44.39,715,21.166,2.585,8.27,Agent A
121,7,17.286,71,0.59,2,4.934,0.0585,52.61,712,17.265,0.583,5.57,Agent B
71,5,14.2,55,0.776,2,5.407,0.0899,50.52,467,17.671,2.981,6.3,Agent B
144,7,20.571,102,0.71,1,4.0,0.0537,78.48,712,17.778,6.692,8.2,Agent A
160,7,22.857,111,0.693,1,5.15,0.0633,19.58,953,20.334,4.098,8.18,Agent B
192,9,21.333,124,0.648,1,4.496,0.052,57.34,1061,18.516,6.172,7.24,Agent A
194,11,17.636,151,0.779,2,6.729,0.0509,96.47,1524,21.046,5.258,9.13,Agent A
168,9,18.667,110,0.653,0,3.483,0.0561,66.3,760,15.957,6.022,7.81,Agent A
152,7,21.714,87,0.573,1,5.018,0.0716,93.19,895,19.076,3.067,6.09,Agent B
226,14,16.143,177,0.782,2,4.064,0.0372,66.3,1156,16.465,7.365,7.28,Agent A
200,14,14.286,111,0.556,3,5.33,0.0622,32.97,1261,16.489,1.487,6.31,Agent B
266,11,24.182,167,0.628,0,5.853,0.0381,42.97,1823,21.594,5.745,8.01,Agent B
265,12,22.083,134,0.505,2,5.23,0.0674,61.13,1667,19.201,1.263,5.49,Agent A
136,8,17.0,72,0.526,0,4.504,0.0683,36.19,754,16.188,4.099,7.13,Agent B
42,2,21.0,31,0.727,1,3.2,0.0441,1.72,183,16.837,4.512,7.21,Agent B
162,8,20.25,87,0.537,5,6.083,0.0461,24.96,1149,19.911,4.698,8.34,Agent A
181,12,15.083,137,0.758,1,3.919,0.0385,55.4,888,15.701,2.813,5.69,Agent B
176,10,17.6,152,0.864,2,4.377,0.0301,76.04,945,17.927,3.432,6.31,Agent B
175,10,17.5,78,0.446,0,5.283,0.037,53.67,1078,17.156,7.189,8.88,Agent A
70,4,17.5,60,0.86,1,5.265,0.0872,81.4,442,19.196,8.487,8.55,Agent A
24,1,24.0,13,0.551,0,4.661,0.0423,44.91,147,19.345,3.991,3.87,Agent B
87,7,12.429,61,0.706,0,4.67,0.084,72.98,494,15.505,5.613,7.24,Agent A
3,1,3.0,3,0.926,0,3.744,0.0488,57.96,11,11.446,1.082,1.45,Agent B
118,7,16.857,82,0.694,3,4.827,0.092,62.71,713,17.452,0.0,4.61,Agent B
30,2,15.0,15,0.512,0,5.043,0.0209,92.69,189,16.123,1.8,2.5,Agent B
162,6,27.0,109,0.67,2,5.538,0.08,59.8,1053,22.458,5.127,9.28,Agent A
201,25,8.04,105,0.521,0,3.476,0.0357,86.95,897,11.034,5.437,5.51,Agent B
176,11,16.0,123,0.698,0,5.591,0.0343,59.61,1157,18.275,3.555,6.79,Agent A
3,1,3.0,2,0.509,0,5.298,0.0703,88.64,3,11.693,4.95,1.65,Agent B
192,18,10.667,67,0.35,0,5.931,0.0346,100.0,1332,14.916,5.547,7.5,Agent A
74,3,24.667,62,0.834,1,5.699,0.0678,40.77,514,22.586,5.102,8.41,Agent A
56,2,28.0,46,0.827,0,5.279,0.082,51.37,355,23.255,2.979,7.69,Agent A
198,12,16.5,129,0.65,2,4.994,0.0401,84.85,1195,17.341,3.974,5.31,Agent B
85,7,12.143,56,0.661,2,5.007,0.0301,69.6,514,15.675,3.918,6.18,Agent B
155,9,17.222,75,0.483,0,6.106,0.0318,95.41,1074,18.465,3.774,6.59,Agent B
66,4,16.5,35,0.53,1,6.099,0.0917,67.1,497,18.397,4.945,8.68,Agent A
94,5,18.8,54,0.577,1,5.122,0.0606,54.22,580,18.086,2.689,4.09,Agent B
94,5,18.8,43,0.459,1,5.067,0.0606,76.39,581,17.416,3.774,5.22,Agent B
154,7,22.0,75,0.487,1,5.302,0.0799,63.73,933,19.187,1.992,6.17,Agent B
96,7,13.714,65,0.677,1,5.172,0.0521,28.36,583,16.631,7.548,7.66,Agent B
176,12,14.667,130,0.738,2,5.471,0.0823,99.05,1134,17.765,3.94,7.73,Agent A
124,7,17.714,77,0.621,3,5.513,0.032,60.0,822,18.458,5.798,7.85,Agent A
161,27,5.963,107,0.666,2,5.434,0.0318,84.68,1056,13.866,3.804,7.59,Agent A
132,8,16.5,60,0.456,0,4.58,0.0735,57.86,732,15.752,4.461,6.99,Agent A
47,3,15.667,32,0.676,1,5.615,0.0625,43.28,290,18.067,3.053,5.1,Agent B
132,7,18.857,94,0.712,2,5.059,0.0404,65.78,809,18.691,3.507,6.82,Agent A
233,16,14.562,98,0.421,0,4.385,0.056,66.27,1250,14.51,4.704,6.3,Agent B
139,7,19.857,106,0.763,1,5.44,0.0444,54.23,910,19.915,5.637,9.75,Agent A
90,7,12.857,50,0.555,5,6.812,0.0275,30.81,705,18.138,3.564,5.98,Agent B
98,6,16.333,48,0.491,2,4.962,0.0327,63.54,560,16.433,3.432,6.99,Agent A
144,8,18.0,82,0.571,0,4.019,0.0681,63.85,714,16.084,5.459,8.33,Agent A
172,8,21.5,132,0.769,1,5.519,0.0654,77.71,1132,20.723,1.954,6.35,Agent A
124,7,17.714,78,0.629,0,4.847,0.062,78.95,732,17.504,5.252,7.48,Agent A
124,14,8.857,64,0.513,2,4.985,0.0808,65.66,743,13.583,2.588,4.67,Agent B
184,10,18.4,106,0.574,0,5.821,0.0587,36.17,1259,18.961,1.938,6.1,Agent B
62,4,15.5,37,0.589,2,6.82,0.091,68.63,479,19.378,4.811,7.58,Agent A
149,8,18.625,100,0.67,0,5.698,0.039,43.58,998,19.348,3.37,7.7,Agent A
123,6,20.5,105,0.852,1,4.451,0.0847,77.79,651,19.137,2.796,6.87,Agent B
288,16,18.0,209,0.726,0,4.97,0.0407,95.31,1699,18.287,1.983,5.64,Agent B
190,14,13.571,130,0.683,0,4.696,0.0662,50.13,1074,15.887,2.534,5.57,Agent B
180,8,22.5,139,0.773,1,4.728,0.0759,50.71,1025,19.959,1.952,7.02,Agent B
92,6,15.333,66,0.713,1,4.762,0.075,58.94,542,16.842,5.062,8.08,Agent A
239,10,23.9,137,0.575,2,4.68,0.0874,44.87,1354,19.455,4.892,5.23,Agent B
138,6,23.0,99,0.719,0,4.793,0.0471,88.39,803,19.984,6.034,7.19,Agent B
3,1,3.0,2,0.71,3,3.2,0.048,80.91,25,9.552,2.377,1.42,Agent B
217,16,13.562,120,0.553,1,5.26,0.0743,55.34,1335,16.079,5.048,7.9,Agent B
260,14,18.571,182,0.699,2,5.399,0.0638,67.69,1648,19.022,6.711,7.5,Agent B
56,3,18.667,48,0.85,0,4.837,0.0449,65.7,323,18.97,4.705,8.5,Agent A
226,10,22.6,166,0.735,4,5.355,0.0661,49.64,1441,20.749,6.906,9.19,Agent B
221,17,13.0,146,0.66,2,4.72,0.0642,100.0,1292,15.582,6.856,8.28,Agent A
108,7,15.429,76,0.703,2,5.459,0.0466,13.65,674,17.877,5.442,7.77,Agent A
125,8,15.625,83,0.667,0,5.227,0.0368,41.86,792,17.425,5.964,8.35,Agent A
134,9,14.889,36,0.265,1,4.635,0.0622,89.65,777,14.234,5.301,7.35,Agent A
173,10,17.3,99,0.573,1,6.71,0.0568,21.12,1339,19.847,7.246,8.64,Agent A
51,5,10.2,21,0.408,0,5.888,0.0547,100.0,348,14.951,4.496,7.46,Agent B
147,8,18.375,105,0.713,0,5.715,0.0275,50.17,990,19.489,2.767,6.68,Agent B
65,3,21.667,31,0.478,1,6.028,0.0616,60.04,464,20.099,1.644,6.86,Agent A
10,1,10.0,6,0.645,2,3.746,0.0296,100.0,44,12.845,3.742,2.99,Agent B
176,10,17.6,130,0.738,1,4.428,0.07,92.88,941,17.371,8.868,9.63,Agent A
24,2,12.0,16,0.686,0,4.003,0.0405,74.01,115,14.235,1.315,3.53,Agent B
149,11,13.545,72,0.482,0,4.656,0.0317,58.34,854,14.813,2.72,6.54,Agent B
141,7,20.143,50,0.354,0,5.933,0.0519,42.64,967,18.728,5.802,7.42,Agent B
48,3,16.0,26,0.532,2,5.267,0.0866,81.74,300,16.963,7.152,8.47,Agent A
125,8,15.625,82,0.655,0,5.07,0.0566,74.35,767,17.128,8.073,6.48,Agent B
216,12,18.0,163,0.756,1,5.363,0.0766,83.47,1362,19.023,3.993,7.02,Agent A
126,11,11.455,86,0.68,1,5.554,0.0252,63.29,824,16.315,6.078,7.12,Agent B
124,12,10.333,83,0.667,4,5.028,0.091,39.61,737,15.008,3.843,5.9,Agent B
169,11,15.364,72,0.426,2,4.904,0.025,81.06,990,15.632,7.46,7.78,Agent A
105,10,10.5,48,0.454,2,5.387,0.0457,14.61,645,14.552,4.475,5.53,Agent B
110,6,18.333,82,0.743,2,5.549,0.0527,78.81,722,19.371,3.453,6.97,Agent A
264,12,22.0,167,0.632,3,5.036,0.0544,58.41,1572,19.513,4.163,8.2,Agent A
236,12,19.667,109,0.463,2,5.32,0.0452,37.51,1480,18.159,3.268,6.26,Agent B
73,4,18.25,35,0.479,2,4.364,0.0521,83.9,404,16.24,2.353,7.58,Agent A
159,14,11.357,103,0.645,2,5.167,0.01,84.72,991,15.519,4.792,6.55,Agent B
157,10,15.7,62,0.398,0,4.871,0.052,71.59,915,15.575,6.058,8.38,Agent A
139,8,17.375,102,0.735,1,5.292,0.0549,54.69,868,18.564,7.051,9.72,Agent A
181,13,13.923,127,0.701,4,5.14,0.0327,53.25,1120,16.784,3.63,6.38,Agent B
197,18,10.944,91,0.463,0,5.123,0.0326,72.66,1216,14.376,4.821,7.47,Agent A
207,11,18.818,94,0.452,1,6.089,0.0755,50.72,1470,18.922,5.202,8.52,Agent A
62,5,12.4,25,0.401,0,6.366,0.0835,97.16,468,16.512,7.294,7.49,Agent A
38,2,19.0,28,0.743,1,3.591,0.0497,68.55,151,16.701,4.496,5.67,Agent B
180,15,12.0,112,0.624,5,3.2,0.0788,100.0,747,12.719,4.938,5.58,Agent B
136,11,12.364,75,0.55,1,5.613,0.0206,71.83,886,16.115,7.662,7.58,Agent A
57,3,19.0,27,0.473,1,3.838,0.04,77.29,263,15.72,8.106,7.89,Agent A
199,16,12.438,117,0.586,0,5.215,0.0422,69.06,1233,15.726,1.491,5.11,Agent B
120,7,17.143,99,0.824,1,3.775,0.0593,24.71,580,16.637,3.872,6.25,Agent B
90,7,12.857,41,0.457,2,5.776,0.0568,53.43,614,16.09,4.42,6.43,Agent A
48,2,24.0,29,0.609,2,4.215,0.0905,39.96,250,18.966,6.039,6.71,Agent B
88,5,17.6,54,0.612,2,3.279,0.0591,68.03,396,15.016,2.688,6.12,Agent B
75,4,18.75,55,0.731,1,4.566,0.0274,78.28,427,18.002,5.737,8.11,Agent A
163,8,20.375,91,0.561,2,4.087,0.0894,50.31,835,17.085,3.486,6.36,Agent A
48,5,9.6,28,0.589,0,4.698,0.0293,67.21,274,13.831,1.392,4.76,Agent B
190,11,17.273,107,0.564,0,5.427,0.0589,45.52,1223,17.87,5.808,7.68,Agent A
93,5,18.6,55,0.586,3,5.248,0.0628,44.82,595,18.244,5.105,7.96,Agent A
176,10,17.6,92,0.523,0,5.08,0.0589,11.6,1062,17.275,4.924,7.73,Agent A
117,7,16.714,84,0.722,2,4.867,0.1091,49.1,676,17.595,4.449,7.4,Agent A
84,7,12.0,54,0.647,0,5.333,0.0388,48.49,521,16.034,3.451,5.89,Agent B
28,2,14.0,15,0.546,1,4.89,0.0307,54.36,166,15.666,4.499,5.37,Agent B
74,7,10.571,46,0.622,0,4.772,0.0952,53.91,438,14.497,2.524,5.13,Agent B
126,9,14.0,70,0.555,1,5.523,0.0766,67.98,815,16.661,5.412,7.71,Agent A
83,5,16.6,52,0.621,2,5.165,0.0396,56.57,500,17.494,2.204,6.37,Agent B
69,6,11.5,56,0.81,0,4.369,0.0542,65.58,357,15.204,4.144,7.63,Agent A
37,3,12.333,23,0.613,3,3.433,0.0757,86.48,169,13.15,3.089,4.91,Agent B
171,8,21.375,119,0.693,3,4.337,0.0676,36.03,914,18.52,0.0,3.91,Agent B
211,12,17.583,142,0.675,2,5.78,0.0234,47.88,1448,19.078,4.648,6.26,Agent A
120,8,15.0,62,0.513,0,4.796,0.0624,70.87,725,15.76,5.7,8.64,Agent A
172,9,19.111,101,0.585,1,4.911,0.0634,30.36,1034,17.938,3.833,5.22,Agent B
81,8,10.125,53,0.651,0,4.756,0.0567,6.22,479,14.44,3.744,5.42,Agent B
76,5,15.2,41,0.537,0,5.625,0.068,46.02,503,17.202,4.797,6.41,Agent B
242,19,12.737,140,0.578,1,6.136,0.0774,70.7,1714,17.188,4.625,5.71,Agent B
172,12,14.333,108,0.625,3,4.738,0.0687,74.28,963,15.966,5.729,8.05,Agent A
82,7,11.714,46,0.567,1,5.512,0.0461,42.43,538,15.789,3.662,6.17,Agent B
81,3,27.0,34,0.416,3,4.658,0.0673,90.12,430,19.865,6.129,9.8,Agent A
138,6,23.0,60,0.437,1,5.172,0.0501,71.31,837,19.144,3.112,6.27,Agent B
193,7,27.571,111,0.575,3,4.818,0.0658,65.38,1117,21.129,5.582,8.95,Agent A
129,11,11.727,69,0.536,0,4.792,0.0815,49.28,747,14.557,3.579,5.91,Agent B
153,8,19.125,90,0.586,3,5.03,0.0527,53.09,935,18.127,6.891,8.09,Agent A
283,17,16.647,101,0.357,0,5.962,0.0661,53.68,1985,17.387,5.439,8.04,Agent A
100,4,25.0,65,0.646,1,4.689,0.0552,21.15,577,20.264,2.085,6.86,Agent A
135,9,15.0,101,0.75,0,5.904,0.0658,54.78,934,18.605,2.346,6.34,Agent B
166,11,15.091,119,0.714,1,4.882,0.0954,96.45,984,16.931,0.0,4.63,Agent B
194,9,21.556,155,0.799,3,5.893,0.0362,48.37,1344,21.457,0.158,6.08,Agent A
164,12,13.667,83,0.504,0,6.061,0.0352,41.29,1157,17.079,5.237,7.56,Agent A
85,3,28.333,57,0.676,2,5.967,0.0607,87.76,608,23.665,3.399,8.32,Agent A
127,6,21.167,58,0.46,1,4.678,0.0472,93.16,711,17.785,5.442,8.46,Agent A
153,10,15.3,92,0.601,1,4.528,0.0542,58.78,831,15.919,5.829,8.17,Agent A
101,5,20.2,62,0.609,2,4.991,0.0878,66.92,609,18.613,8.976,8.41,Agent B
157,12,13.083,94,0.598,1,4.61,0.0481,92.53,874,15.14,5.45,7.23,Agent A
109,6,18.167,64,0.591,2,3.859,0.0641,30.41,526,16.011,5.263,6.31,Agent B
15,1,15.0,7,0.496,4,5.202,0.0629,81.88,106,16.284,3.124,4.91,Agent B
159,10,15.9,98,0.614,0,5.048,0.0322,61.9,963,17.001,4.397,7.01,Agent A
151,10,15.1,87,0.576,2,4.215,0.0316,88.36,813,15.24,1.642,4.67,Agent B
84,4,21.0,44,0.52,0,5.814,0.0782,33.7,565,19.722,1.455,5.3,Agent B
62,3,20.667,41,0.66,1,4.614,0.0227,67.14,361,18.487,3.213,6.25,Agent B
177,11,16.091,106,0.6,0,6.944,0.0661,69.25,1413,19.855,3.373,8.41,Agent A
140,8,17.5,77,0.551,1,5.024,0.0393,69.6,860,17.29,5.462,7.69,Agent A
196,15,13.067,101,0.517,0,6.308,0.0167,56.55,1412,17.276,4.134,7.05,Agent B
190,9,21.111,137,0.721,0,5.309,0.0685,77.2,1199,20.014,4.423,8.8,Agent A
172,10,17.2,118,0.687,0,5.937,0.0565,62.44,1210,19.219,3.614,6.65,Agent B
203,12,16.917,161,0.792,1,4.525,0.0865,60.37,1123,17.512,3.746,6.52,Agent B
58,3,19.333,47,0.804,2,4.626,0.0335,94.45,328,18.689,0.0,4.21,Agent B
188,9,20.889,117,0.62,0,5.458,0.0578,62.22,1209,19.642,2.215,6.5,Agent B
145,11,13.182,104,0.717,0,4.115,0.0754,73.31,736,15.031,5.297,8.2,Agent A
139,17,8.176,92,0.663,0,6.203,0.0916,89.09,1015,15.89,2.867,6.14,Agent B
157,14,11.214,91,0.583,0,5.709,0.0786,41.59,1042,15.962,0.0,3.67,Agent B
141,9,15.667,85,0.604,2,5.608,0.0784,84.38,943,17.7,2.202,3.93,Agent B
266,22,12.091,164,0.617,1,5.12,0.023,33.78,1618,15.6,6.509,6.61,Agent A
160,12,13.333,97,0.605,1,5.037,0.0859,65.77,970,15.914,3.017,6.55,Agent B
245,15,16.333,222,0.907,1,4.253,0.1016,41.36,1282,17.447,6.181,8.2,Agent A
208,13,16.0,147,0.709,0,4.853,0.0466,57.04,1232,17.223,2.717,5.83,Agent B
60,3,20.0,40,0.668,0,4.981,0.0553,36.79,338,18.812,3.957,7.79,Agent A
171,10,17.1,104,0.608,2,5.017,0.0372,68.3,1032,17.407,3.963,7.38,Agent A
81,5,16.2,46,0.566,3,4.879,0.0786,54.54,513,16.628,4.43,6.62,Agent B
195,11,17.727,84,0.431,2,5.094,0.0205,84.23,1204,16.889,2.136,4.65,Agent B
81,5,16.2,60,0.736,2,4.551,0.0915,81.8,470,16.988,2.316,7.14,Agent A
135,8,16.875,96,0.711,0,4.195,0.0387,53.3,719,16.597,5.24,6.76,Agent A
58,3,19.333,37,0.642,1,5.27,0.0661,58.0,370,18.849,4.005,7.72,Agent A
66,3,22.0,49,0.748,2,7.222,0.0504,47.91,537,23.373,5.143,8.87,Agent A
167,10,16.7,91,0.547,1,4.916,0.0259,73.76,987,16.788,6.105,8.28,Agent A
80,7,11.429,60,0.748,1,5.128,0.0705,100.0,503,16.001,5.149,7.75,Agent A
184,16,11.5,92,0.502,0,4.85,0.0278,94.08,1064,14.386,4.544,5.73,Agent B
112,8,14.0,85,0.76,1,5.4,0.0481,50.63,722,17.499,6.838,8.06,Agent A
170,14,12.143,130,0.765,1,6.099,0.0567,98.94,1179,17.83,5.806,7.85,Agent A
45,3,15.0,36,0.801,0,5.709,0.0453,48.73,318,18.569,6.786,8.62,Agent A
171,9,19.0,89,0.519,2,5.905,0.0541,86.8,1195,19.051,4.393,7.83,Agent A
69,4,17.25,56,0.813,1,3.2,0.0542,63.73,278,15.767,7.294,8.43,Agent A
3,1,3.0,2,0.572,1,4.71,0.0811,77.22,32,11.125,3.301,2.34,Agent B
176,12,14.667,122,0.694,0,5.057,0.0462,57.61,1074,16.925,6.376,7.4,Agent A
107,5,21.4,64,0.599,0,5.861,0.0723,59.24,724,20.347,7.392,9.52,Agent A
158,8,19.75,99,0.628,2,5.076,0.0173,64.48,961,18.652,3.023,6.2,Agent B
249,12,20.75,111,0.444,1,5.224,0.0658,74.67,1551,18.356,4.539,7.26,Agent B
73,4,18.25,45,0.613,1,4.45,0.0647,84.89,398,17.042,4.409,7.55,Agent A
139,10,13.9,97,0.695,3,5.327,0.0926,75.07,878,17.026,6.379,8.4,Agent A
88,7,12.571,61,0.69,1,4.918,0.0178,73.16,527,15.855,5.565,6.65,Agent A
116,5,23.2,79,0.679,1,5.072,0.0111,89.74,706,20.284,1.871,4.92,Agent B
140,8,17.5,105,0.748,1,5.363,0.0626,47.81,919,18.783,5.595,6.82,Agent A
97,6,16.167,57,0.586,1,5.133,0.0563,65.94,611,17.095,5.014,7.64,Agent A
266,13,20.462,212,0.795,1,4.44,0.0504,39.19,1449,18.822,3.571,7.31,Agent B
232,11,21.091,101,0.435,1,5.485,0.0288,41.73,1473,18.837,3.241,6.96,Agent B
196,9,21.778,139,0.708,0,5.163,0.0503,79.7,1194,19.995,2.685,6.41,Agent A
178,11,16.182,139,0.779,2,6.254,0.0514,49.97,1299,19.747,1.845,6.64,Agent B
169,10,16.9,105,0.622,0,4.591,0.0558,65.3,921,16.754,2.197,6.89,Agent A
127,6,21.167,84,0.662,0,4.165,0.0738,60.23,669,18.025,2.18,6.11,Agent B
244,12,20.333,129,0.529,1,4.271,0.0757,90.23,1300,17.183,4.228,6.93,Agent A
58,4,14.5,46,0.786,1,4.267,0.0648,41.14,316,16.129,5.38,7.17,Agent A
176,15,11.733,123,0.697,0,5.155,0.0538,57.35,1114,15.913,2.074,5.86,Agent B
169,11,15.364,155,0.919,0,4.7,0.0195,30.45,978,17.792,6.379,6.04,Agent A
191,11,17.364,133,0.697,0,4.694,0.0457,96.68,1101,17.474,7.813,8.71,Agent A
208,12,17.333,179,0.863,4,5.933,0.0419,61.4,1440,20.147,2.961,7.59,Agent A
134,9,14.889,79,0.587,1,4.825,0.0823,59.99,802,16.128,6.404,8.9,Agent A
81,5,16.2,50,0.622,0,4.799,0.0613,62.0,446,16.788,5.106,6.98,Agent B
14,1,14.0,12,0.857,0,5.528,0.0413,62.29,82,18.175,4.891,4.75,Agent B
310,14,22.143,219,0.706,2,5.998,0.0392,67.76,2167,21.385,3.358,7.08,Agent A
124,8,15.5,86,0.692,2,5.568,0.0521,57.47,803,18.01,3.287,7.54,Agent A
200,10,20.0,122,0.608,1,5.543,0.0606,49.53,1297,19.354,5.784,9.65,Agent A
96,6,16.0,41,0.43,2,7.06,0.0477,95.63,787,19.137,3.896,8.2,Agent A
107,7,15.286,50,0.467,1,4.789,0.0702,52.85,628,15.635,3.089,6.25,Agent A
52,3,17.333,36,0.686,1,4.465,0.0642,58.25,256,17.059,4.638,5.52,Agent B
142,6,23.667,80,0.561,1,4.838,0.0694,82.46,826,19.528,3.664,7.56,Agent A
159,8,19.875,48,0.305,0,5.211,0.053,45.93,992,17.292,4.707,7.02,Agent B
241,15,16.067,177,0.735,2,4.87,0.0499,41.6,1418,17.407,5.589,7.38,Agent B
158,8,19.75,95,0.603,2,5.038,0.0609,16.97,955,18.475,2.614,7.85,Agent A
52,3,17.333,33,0.631,0,4.296,0.0552,68.5,281,16.531,2.688,6.74,Agent B
248,14,17.714,171,0.688,0,4.382,0.0452,82.8,1315,17.096,6.764,8.22,Agent A
161,7,23.0,85,0.529,0,4.413,0.0467,58.98,861,18.466,2.029,5.29,Agent B
183,17,10.765,108,0.592,0,6.812,0.0231,86.79,1414,17.486,0.968,6.12,Agent A
119,8,14.875,77,0.647,0,5.326,0.0487,84.39,763,17.172,6.295,9.27,Agent A
189,10,18.9,142,0.752,2,5.429,0.0564,25.71,1217,19.463,3.597,6.65,Agent A
136,8,17.0,72,0.533,1,4.815,0.0555,96.68,779,16.686,5.621,6.7,Agent B
124,9,13.778,62,0.501,1,4.376,0.0237,57.07,670,14.578,7.397,7.12,Agent A
161,10,16.1,93,0.577,1,4.665,0.0325,50.18,930,16.322,2.619,6.35,Agent B
205,13,15.769,111,0.542,0,5.277,0.0729,53.67,1320,16.934,5.763,6.6,Agent B
156,8,19.5,129,0.827,2,5.777,0.0486,55.55,1060,20.6,4.268,6.52,Agent B
129,7,18.429,61,0.473,0,5.511,0.0669,72.98,842,18.004,7.722,7.92,Agent A
46,3,15.333,28,0.602,1,4.976,0.0562,43.55,273,16.608,5.073,6.25,Agent B
186,10,18.6,113,0.608,1,4.644,0.0424,52.22,1056,17.446,3.848,7.39,Agent A
232,19,12.211,121,0.521,1,4.823,0.0448,39.96,1364,14.724,2.601,4.58,Agent B
189,7,27.0,119,0.627,0,4.271,0.066,86.53,1004,20.343,7.271,9.37,Agent A
117,6,19.5,39,0.33,3,5.491,0.0421,43.73,747,17.685,4.622,8.33,Agent A
75,4,18.75,53,0.71,0,5.807,0.0489,61.52,496,19.759,6.105,7.66,Agent A
153,12,12.75,100,0.657,2,5.3,0.0474,32.51,936,16.333,5.154,8.66,Agent A
85,6,14.167,47,0.553,2,5.419,0.0284,89.32,554,16.56,0.0,3.87,Agent B
208,11,18.909,131,0.629,3,4.742,0.0632,48.87,1163,17.821,2.389,6.89,Agent B
165,11,15.0,88,0.533,2,5.503,0.0349,32.92,1060,16.919,3.641,4.97,Agent B
277,12,23.083,163,0.589,0,5.721,0.0774,60.07,1862,20.761,6.793,9.66,Agent A
251,16,15.688,205,0.815,2,4.617,0.0634,51.62,1439,17.275,2.221,6.51,Agent A
178,10,17.8,115,0.647,2,4.506,0.034,73.53,983,17.115,3.654,6.63,Agent A
171,18,9.5,90,0.525,0,3.884,0.0774,33.95,830,12.251,4.667,6.66,Agent B
162,7,23.143,97,0.598,0,4.342,0.0629,14.75,871,18.76,4.854,8.42,Agent A
191,13,14.692,109,0.571,2,5.009,0.0633,69.68,1124,16.244,1.546,5.89,Agent B
127,8,15.875,95,0.752,2,5.1,0.0602,16.01,780,17.758,1.807,7.45,Agent A
179,12,14.917,91,0.506,0,4.599,0.057,92.28,1004,15.397,3.115,6.14,Agent B
62,3,20.667,46,0.743,0,4.502,0.058,62.2,342,18.732,5.873,7.63,Agent A
81,10,8.1,54,0.669,2,5.162,0.0257,89.33,488,14.328,6.223,7.05,Agent B
101,12,8.417,74,0.736,1,5.004,0.0697,100.0,598,14.554,3.612,8.02,Agent A
53,2,26.5,35,0.658,1,5.606,0.0474,56.55,359,22.296,0.03,6.03,Agent B
156,9,17.333,88,0.564,1,5.066,0.0457,72.68,970,17.354,5.82,9.19,Agent A
131,7,18.714,69,0.53,1,5.965,0.0612,47.66,933,19.082,7.86,9.73,Agent A
49,3,16.333,22,0.441,1,5.47,0.0626,18.86,330,16.942,2.523,5.71,Agent B
73,4,18.25,36,0.491,1,6.08,0.0551,74.3,513,18.874,4.007,8.43,Agent A
153,8,19.125,94,0.614,0,4.668,0.0747,45.51,867,17.72,5.443,9.86,Agent A
95,5,19.0,62,0.651,4,5.402,0.0596,55.12,599,18.957,5.626,6.22,Agent B
76,4,19.0,35,0.455,4,5.86,0.0288,40.28,511,18.666,7.546,8.87,Agent A
222,16,13.875,140,0.631,0,5.666,0.0518,67.6,1454,17.204,2.38,6.42,Agent B
152,11,13.818,120,0.792,1,6.356,0.025,61.47,1124,19.02,4.273,8.4,Agent A
77,4,19.25,48,0.623,0,4.887,0.0799,53.27,441,18.144,6.171,7.45,Agent B
170,8,21.25,80,0.469,1,5.551,0.0403,48.5,1110,19.172,4.011,6.42,Agent B
246,13,18.923,165,0.673,2,3.393,0.0455,41.09,1075,16.022,5.359,7.15,Agent A
29,2,14.5,21,0.722,0,5.268,0.0491,44.3,195,17.311,3.179,5.37,Agent B
176,11,16.0,113,0.643,1,4.302,0.0464,56.86,963,16.067,4.868,7.35,Agent B
178,14,12.714,109,0.615,1,6.388,0.0628,74.36,1327,17.742,5.066,7.69,Agent B
62,10,6.2,31,0.495,1,6.164,0.0427,50.98,444,14.199,4.384,5.65,Agent B
204,11,18.545,116,0.566,1,4.493,0.0564,69.85,1106,16.988,1.64,5.91,Agent B
191,8,23.875,100,0.526,1,4.788,0.0662,47.72,1110,19.359,4.996,6.67,Agent A
99,7,14.143,54,0.542,2,4.963,0.0431,37.56,595,15.813,2.621,4.44,Agent B
140,7,20.0,79,0.561,1,5.608,0.0665,46.3,920,19.218,3.59,7.7,Agent A
246,12,20.5,142,0.577,0,5.208,0.01,74.1,1526,18.898,4.419,7.77,Agent A
129,8,16.125,115,0.889,2,4.553,0.073,42.43,716,17.725,3.468,6.78,Agent B
60,5,12.0,25,0.41,1,5.454,0.0264,24.96,378,15.031,4.397,6.64,Agent B
244,11,22.182,162,0.664,2,6.221,0.059,91.62,1757,21.525,2.751,5.45,Agent B
117,5,23.4,61,0.518,0,5.148,0.0239,81.36,719,19.671,6.789,7.81,Agent B
82,4,20.5,59,0.722,2,5.386,0.0659,57.33,538,19.887,0.757,3.95,Agent B
114,7,16.286,70,0.615,0,3.45,0.0926,61.64,516,14.765,1.965,5.58,Agent B
110,7,15.714,85,0.774,0,4.179,0.0161,82.45,558,16.424,2.319,6.36,Agent B
74,7,10.571,36,0.483,0,5.708,0.073,51.35,485,15.206,3.204,5.19,Agent B
44,3,14.667,24,0.557,1,5.517,0.0683,50.31,274,16.924,5.881,6.87,Agent B
52,4,13.0,26,0.495,0,5.756,0.0666,52.26,335,16.309,5.522,7.97,Agent A
243,15,16.2,185,0.762,1,4.329,0.0383,77.23,1293,16.78,5.52,8.31,Agent A
151,6,25.167,116,0.769,0,4.427,0.0447,51.9,808,20.551,4.777,7.63,Agent B
158,8,19.75,92,0.58,0,5.231,0.0287,84.43,1001,18.644,8.198,9.68,Agent A
174,11,15.818,94,0.54,1,5.59,0.0359,52.18,1139,17.411,5.457,7.76,Agent A
194,9,21.556,101,0.52,2,6.546,0.0566,91.93,1473,21.043,3.919,7.54,Agent A
113,9,12.556,66,0.58,1,4.111,0.0748,100.0,571,14.089,4.324,7.08,Agent A
28,1,28.0,13,0.447,0,5.373,0.0605,61.19,191,21.496,2.339,5.5,Agent B
190,11,17.273,97,0.513,0,4.89,0.0411,49.19,1123,16.809,0.477,3.98,Agent B
48,2,24.0,32,0.662,0,4.446,0.0448,76.83,275,19.58,1.835,6.04,Agent B
17,1,17.0,12,0.718,0,5.063,0.0753,84.85,114,17.987,2.586,3.44,Agent B
3,1,3.0,2,0.728,3,5.204,0.0769,68.33,19,12.648,4.063,1.46,Agent B
76,5,15.2,44,0.585,2,4.626,0.0794,69.45,427,15.942,8.39,8.37,Agent A
95,7,13.571,52,0.543,0,4.945,0.0692,34.85,550,15.563,3.314,5.55,Agent A
173,11,15.727,130,0.749,0,4.437,0.0346,78.04,965,16.692,7.442,8.74,Agent A
179,11,16.273,106,0.592,1,6.253,0.0667,42.22,1295,18.847,3.125,7.23,Agent A
236,12,19.667,185,0.785,0,5.157,0.0363,56.25,1453,19.526,1.217,5.75,Agent B
128,21,6.095,72,0.562,0,3.923,0.0573,36.09,619,11.131,5.286,5.81,Agent A
83,6,13.833,56,0.679,0,3.618,0.0539,92.38,408,14.357,3.397,5.03,Agent B
187,11,17.0,106,0.568,1,4.968,0.0973,29.35,1090,17.093,0.829,4.08,Agent B
154,8,19.25,95,0.62,1,5.175,0.0652,49.02,959,18.561,6.148,8.06,Agent A
108,8,13.5,52,0.477,1,4.071,0.035,70.58,528,13.894,4.243,6.29,Agent B
217,11,19.727,150,0.692,0,3.716,0.0821,46.57,1039,16.926,5.444,7.7,Agent A
104,4,26.0,57,0.545,1,5.335,0.0403,54.07,672,21.127,2.862,7.18,Agent A
161,12,13.417,98,0.608,1,6.135,0.0707,88.56,1156,17.611,0.762,4.1,Agent B
75,5,15.0,33,0.439,1,4.573,0.0724,35.43,409,15.055,5.247,6.33,Agent B
40,2,20.0,20,0.501,1,5.366,0.0361,73.09,269,18.551,7.631,7.66,Agent B
91,5,18.2,63,0.694,4,6.159,0.0911,55.77,647,19.989,6.626,8.73,Agent A
209,10,20.9,163,0.78,1,5.586,0.0245,69.22,1364,20.637,3.793,8.13,Agent A
165,9,18.333,136,0.823,1,5.657,0.0728,50.56,1115,19.931,3.49,6.86,Agent B
233,12,19.417,144,0.616,0,5.307,0.0748,73.89,1470,18.81,4.593,5.5,Agent B
265,17,15.588,174,0.655,0,4.715,0.0913,59.65,1541,16.583,5.768,7.68,Agent A
119,7,17.0,88,0.739,1,4.632,0.0626,27.16,687,17.443,1.189,5.44,Agent B
98,7,14.0,64,0.654,1,5.923,0.0197,36.68,674,17.757,6.78,7.75,Agent A
69,4,17.25,49,0.713,1,5.749,0.0822,91.15,475,19.09,7.478,9.15,Agent A
186,13,14.308,100,0.538,0,5.804,0.1007,92.88,1270,17.119,3.594,7.86,Agent A
171,10,17.1,79,0.46,0,5.063,0.0782,73.44,1013,16.736,3.93,7.26,Agent A
92,5,18.4,37,0.397,1,5.729,0.0662,59.54,603,17.941,2.509,4.87,Agent B
120,8,15.0,81,0.677,1,4.357,0.0374,46.95,656,15.92,3.187,7.17,Agent B
264,19,13.895,132,0.502,0,4.922,0.01,65.69,1555,15.449,4.867,6.5,Agent B
3,1,3.0,2,0.531,0,4.438,0.0447,88.79,19,10.512,6.178,2.18,Agent B
144,6,24.0,103,0.717,1,5.548,0.0389,34.71,941,21.51,1.395,6.64,Agent B
137,8,17.125,91,0.663,3,4.251,0.0577,49.93,728,16.541,3.211,7.11,Agent A
186,11,16.909,128,0.687,0,4.979,0.0583,53.88,1119,17.668,4.335,6.93,Agent A
173,8,21.625,82,0.474,2,4.859,0.0237,39.87,1031,18.311,6.335,9.09,Agent A
237,19,12.474,131,0.554,1,5.648,0.0513,83.72,1577,16.231,3.601,6.43,Agent B
158,10,15.8,130,0.823,3,4.217,0.0507,57.66,828,16.76,5.657,8.42,Agent A
133,8,16.625,83,0.624,0,6.874,0.0588,44.85,1022,20.081,2.401,6.94,Agent A
200,12,16.667,68,0.338,1,5.355,0.0667,67.19,1243,16.389,5.439,8.0,Agent A
142,8,17.75,64,0.448,2,4.979,0.016,63.88,849,16.811,3.804,6.42,Agent B
160,10,16.0,87,0.542,2,5.12,0.0489,66.15,972,16.792,0.815,5.55,Agent B
83,6,13.833,34,0.412,0,6.06,0.067,81.44,613,16.682,2.881,5.54,Agent B
100,10,10.0,59,0.587,1,5.114,0.0351,61.15,627,14.604,5.326,6.98,Agent B
41,3,13.667,25,0.619,0,5.825,0.0644,56.21,292,17.3,4.719,8.39,Agent A
53,6,8.833,33,0.624,0,5.13,0.0483,100.0,332,14.347,6.111,5.89,Agent B
173,8,21.625,70,0.402,1,5.009,0.0628,48.06,1056,18.172,6.173,6.9,Agent A
296,15,19.733,162,0.549,1,5.193,0.0453,21.21,1831,18.425,3.633,7.08,Agent A
147,8,18.375,114,0.777,3,4.738,0.0539,20.34,851,18.343,0.926,4.79,Agent B
75,4,18.75,67,0.893,1,5.387,0.0456,86.34,490,20.044,7.206,9.05,Agent A
262,14,18.714,180,0.689,1,4.811,0.0605,62.25,1529,18.145,4.776,7.09,Agent B
202,7,28.857,116,0.573,0,4.323,0.0592,43.91,1063,20.893,5.967,7.69,Agent A
121,7,17.286,82,0.678,1,5.774,0.0839,46.45,819,18.963,6.909,9.34,Agent A
138,6,23.0,107,0.778,2,5.438,0.0428,88.71,884,21.246,5.435,7.67,Agent A
56,3,18.667,31,0.56,5,5.058,0.0707,21.08,345,17.853,7.375,8.16,Agent A
177,7,25.286,119,0.672,1,4.87,0.0518,48.79,1065,20.78,4.624,7.96,Agent A
177,11,16.091,121,0.683,3,4.894,0.0502,22.96,1084,17.194,1.72,5.15,Agent B
174,12,14.5,103,0.591,1,4.287,0.0326,45.1,924,15.184,4.713,5.28,Agent B
194,14,13.857,145,0.746,3,4.669,0.0635,66.43,1102,16.275,2.451,6.6,Agent B
135,5,27.0,103,0.767,0,5.041,0.0574,18.42,822,22.194,6.499,9.34,Agent A
104,9,11.556,55,0.53,0,4.955,0.0691,100.0,628,14.705,5.331,7.17,Agent A
119,9,13.222,53,0.444,0,6.229,0.0591,91.62,864,16.851,3.077,6.15,Agent B
33,2,16.5,23,0.712,0,4.493,0.0354,33.89,159,16.897,5.398,5.78,Agent B
53,3,17.667,33,0.631,1,3.558,0.0619,22.17,263,15.558,5.056,6.57,Agent B
278,17,16.353,128,0.459,2,5.714,0.0443,41.13,1864,17.405,3.958,7.02,Agent B
71,4,17.75,53,0.752,0,4.491,0.0581,48.85,414,17.597,5.637,8.46,Agent A
191,11,17.364,120,0.63,0,6.539,0.0371,13.88,1418,19.902,3.493,6.18,Agent B
186,8,23.25,100,0.538,1,4.865,0.0446,41.27,1106,19.287,6.586,7.69,Agent A
253,14,18.071,162,0.641,1,6.014,0.0406,62.99,1771,19.453,5.347,7.77,Agent A
111,4,27.75,82,0.74,1,4.9,0.026,33.8,662,22.15,8.058,9.6,Agent A
138,11,12.545,51,0.37,5,5.767,0.046,73.63,924,15.518,2.835,7.82,Agent A
276,27,10.222,159,0.577,2,4.654,0.0565,75.29,1585,13.958,4.827,6.62,Agent B
119,10,11.9,98,0.825,1,5.338,0.0396,62.61,715,16.894,1.541,5.62,Agent B
154,9,17.111,127,0.826,0,4.98,0.0721,86.23,918,18.443,1.103,4.91,Agent B
148,6,24.667,77,0.52,1,5.056,0.0224,22.56,885,20.052,7.241,8.43,Agent A
121,7,17.286,65,0.541,1,6.14,0.0487,58.05,875,18.827,5.083,7.68,Agent A
196,12,16.333,164,0.837,2,4.178,0.0343,70.08,1032,16.986,5.103,7.63,Agent A
257,14,18.357,151,0.588,2,5.254,0.0735,82.01,1607,18.163,4.316,7.64,Agent A
65,3,21.667,49,0.756,0,4.958,0.0625,94.78,395,19.883,10.0,9.51,Agent A
176,6,29.333,122,0.695,0,5.297,0.0294,21.93,1094,23.153,4.202,6.99,Agent B
18,2,9.0,11,0.633,1,6.199,0.0406,68.56,113,16.066,7.253,7.01,Agent B
219,13,16.846,150,0.686,0,6.464,0.0538,69.39,1621,19.864,7.13,8.23,Agent A
132,9,14.667,98,0.742,0,6.108,0.0583,65.47,911,18.737,1.828,5.55,Agent B
85,4,21.25,44,0.523,2,4.936,0.0678,55.73,510,18.521,1.984,7.01,Agent B
214,16,13.375,160,0.749,1,4.919,0.0557,72.93,1261,16.474,7.318,7.36,Agent B
148,10,14.8,94,0.637,0,5.579,0.0615,62.35,968,17.475,2.414,6.62,Agent B
105,6,17.5,64,0.612,1,5.093,0.0933,62.09,657,17.697,1.587,5.27,Agent B
128,6,21.333,73,0.568,2,6.331,0.0565,76.25,934,20.868,2.733,6.97,Agent A
181,29,6.241,117,0.645,0,6.14,0.0743,93.28,1311,14.93,4.049,5.86,Agent B
198,9,22.0,141,0.714,0,5.526,0.0584,27.8,1291,20.659,4.007,8.27,Agent A
160,10,16.0,106,0.66,0,4.635,0.0576,54.14,896,16.651,4.458,6.98,Agent A
183,10,18.3,170,0.931,2,5.215,0.0349,94.64,1124,19.798,4.088,6.32,Agent B
252,13,19.385,139,0.553,1,4.562,0.0396,34.39,1395,17.361,3.303,7.09,Agent A
284,13,21.846,225,0.794,1,5.214,0.0745,65.2,1766,20.529,0.885,5.41,Agent B
45,4,11.25,23,0.514,3,5.85,0.0672,58.67,325,15.846,5.416,6.27,Agent A
242,22,11.0,191,0.789,1,4.936,0.0486,97.3,1446,15.751,3.507,6.05,Agent B
77,5,15.4,38,0.49,1,4.64,0.0563,45.14,431,15.568,2.219,5.07,Agent B
178,8,22.25,89,0.499,0,4.23,0.0409,27.22,953,17.739,1.623,5.31,Agent B
13,1,13.0,8,0.639,0,5.001,0.0477,42.4,82,15.898,5.201,5.1,Agent B
105,7,15.0,63,0.603,2,4.886,0.0678,54.69,629,16.343,2.504,6.41,Agent B
136,8,17.0,112,0.822,0,5.157,0.0544,34.84,829,18.646,6.45,8.83,Agent A
123,8,15.375,67,0.541,0,4.849,0.0459,88.88,721,16.131,4.568,6.94,Agent A
103,8,12.875,57,0.549,1,5.167,0.0357,97.82,648,15.645,3.754,6.05,Agent B
209,21,9.952,179,0.856,1,5.032,0.0406,71.4,1254,15.809,6.345,7.8,Agent A
269,19,14.158,162,0.604,1,6.341,0.0666,93.17,1954,18.192,4.912,7.83,Agent B
123,7,17.571,58,0.472,0,4.751,0.0333,62.79,700,16.516,3.22,6.69,Agent B
139,9,15.444,80,0.579,1,5.933,0.0469,56.54,952,17.971,2.731,5.9,Agent B
212,14,15.143,96,0.452,0,3.478,0.0772,65.34,977,13.536,2.089,6.48,Agent B
256,12,21.333,140,0.549,1,6.131,0.0394,23.05,1833,20.474,4.096,6.68,Agent A
88,5,17.6,54,0.612,1,4.254,0.0897,23.3,476,16.482,3.187,6.11,Agent A
254,22,11.545,173,0.682,1,4.915,0.0316,41.24,1491,15.402,2.371,4.27,Agent B
116,9,12.889,47,0.409,1,4.664,0.0699,70.88,662,14.194,4.97,7.56,Agent A
108,5,21.6,65,0.605,1,4.783,0.0768,70.24,636,18.841,5.188,8.54,Agent A
104,6,17.333,66,0.636,3,5.841,0.0605,33.88,682,18.876,0.413,6.04,Agent B
165,10,16.5,109,0.662,0,6.068,0.0529,20.87,1154,19.011,4.494,6.73,Agent B
262,15,17.467,122,0.465,1,4.395,0.088,11.16,1421,15.904,3.739,5.41,Agent B
149,13,11.462,112,0.75,1,4.959,0.0523,89.95,899,15.776,2.731,5.91,Agent B
115,7,16.429,74,0.639,0,4.379,0.0543,38.34,603,16.337,4.208,6.33,Agent A
72,6,12.0,35,0.492,0,4.587,0.0643,82.07,414,14.14,2.753,5.9,Agent B
278,27,10.296,144,0.519,2,4.187,0.0831,95.15,1439,12.993,7.632,8.02,Agent A
48,2,24.0,30,0.634,3,4.717,0.0511,57.07,262,19.844,1.094,5.56,Agent B
229,11,20.818,189,0.825,1,5.594,0.0509,56.21,1505,20.845,3.765,6.2,Agent B
234,13,18.0,186,0.793,2,5.246,0.0835,81.95,1457,19.036,4.556,5.2,Agent B
103,7,14.714,49,0.473,1,4.321,0.0698,74.29,530,14.734,5.349,8.07,Agent A
72,4,18.0,49,0.676,2,4.955,0.0398,43.19,405,18.014,1.089,5.67,Agent B
149,10,14.9,119,0.797,2,5.187,0.0793,73.83,933,17.727,3.656,7.48,Agent A
249,14,17.786,142,0.571,2,4.526,0.077,85.48,1378,16.76,5.839,5.89,Agent A
157,7,22.429,107,0.682,1,6.475,0.073,92.47,1213,22.096,2.682,7.71,Agent A
242,13,18.615,177,0.732,2,5.257,0.0742,64.41,1515,18.992,6.377,6.75,Agent A
207,13,15.923,150,0.725,1,4.615,0.0423,41.28,1162,16.917,2.282,5.24,Agent B
137,8,17.125,91,0.666,2,5.822,0.0513,62.05,941,18.911,3.357,6.49,Agent B
42,3,14.0,27,0.643,2,5.525,0.0583,93.72,279,17.104,2.437,5.07,Agent B
149,9,16.556,85,0.569,1,4.56,0.0438,0.0,835,16.309,2.308,6.87,Agent B
176,8,22.0,118,0.672,0,5.528,0.0792,51.65,1176,20.453,6.699,8.91,Agent A
112,6,18.667,70,0.623,0,5.564,0.0583,86.0,762,18.926,4.43,7.49,Agent A
133,7,19.0,84,0.629,0,5.337,0.0462,50.6,846,18.749,3.675,5.74,Agent B
206,16,12.875,110,0.536,2,4.392,0.0717,44.48,1122,14.418,5.081,6.61,Agent B
142,9,15.778,69,0.485,0,4.809,0.0359,90.95,801,15.948,2.458,5.31,Agent B
88,5,17.6,41,0.468,2,4.863,0.0763,81.73,506,16.677,4.949,7.71,Agent A
78,4,19.5,26,0.339,1,4.181,0.0635,37.57,397,15.767,3.318,6.27,Agent B
93,4,23.25,46,0.495,3,5.489,0.0634,64.22,613,20.008,7.48,8.5,Agent A
101,4,25.25,60,0.59,1,4.437,0.0461,23.26,550,19.703,2.155,7.08,Agent B
84,5,16.8,56,0.667,1,4.943,0.0501,58.2,500,17.467,4.791,7.01,Agent B
22,2,11.0,13,0.586,1,5.113,0.0585,71.64,134,15.002,2.986,4.68,Agent B
193,9,21.444,152,0.787,1,4.374,0.0779,51.73,1075,19.071,4.849,9.41,Agent A
72,6,12.0,50,0.7,1,5.489,0.0179,36.23,462,16.534,6.826,8.95,Agent A
72,4,18.0,42,0.577,2,4.816,0.0457,31.72,418,17.307,4.436,6.79,Agent A
50,4,12.5,30,0.595,1,3.789,0.0281,67.43,238,13.661,3.539,6.05,Agent B
48,3,16.0,23,0.472,1,5.367,0.0282,58.51,314,16.81,5.925,6.36,Agent B
322,20,16.1,127,0.393,3,4.462,0.0456,40.02,1732,15.098,3.958,7.27,Agent B
175,10,17.5,113,0.645,2,4.983,0.076,72.85,1067,17.699,6.174,7.86,Agent A
216,16,13.5,123,0.569,0,4.32,0.0528,38.91,1152,14.726,4.129,5.81,Agent B
235,16,14.688,128,0.543,0,5.346,0.0519,38.59,1479,16.608,5.433,7.94,Agent A
164,11,14.909,89,0.544,3,3.438,0.0435,40.69,726,13.843,4.497,4.62,Agent B
129,11,11.727,77,0.595,3,4.911,0.0594,74.72,736,15.034,5.208,5.11,Agent B
87,6,14.5,46,0.527,0,4.25,0.061,58.14,471,14.812,4.939,7.66,Agent A
168,9,18.667,94,0.557,0,4.778,0.0634,43.94,996,17.419,6.215,8.61,Agent A
161,14,11.5,96,0.596,1,4.818,0.0433,93.21,961,14.81,5.48,7.09,Agent A
183,9,20.333,117,0.64,2,5.374,0.0633,68.28,1154,19.392,3.622,6.76,Agent B
3,1,3.0,2,0.553,1,4.965,0.053,56.32,38,11.413,2.7,1.75,Agent B
186,14,13.286,89,0.478,1,5.902,0.0574,71.28,1283,16.557,1.962,5.82,Agent B
195,11,17.727,108,0.555,1,4.284,0.092,58.84,1029,16.292,3.274,7.01,Agent B
123,5,24.6,87,0.71,0,4.984,0.0616,70.47,736,20.865,2.378,4.46,Agent B
108,5,21.6,66,0.615,1,4.813,0.0598,62.04,641,18.933,4.037,7.74,Agent A
17,3,5.667,7,0.436,1,5.543,0.044,93.05,105,12.764,4.135,3.92,Agent B
209,13,16.077,112,0.537,0,6.6,0.0592,32.89,1604,19.014,4.852,8.26,Agent A
121,6,20.167,73,0.606,0,4.578,0.0246,51.13,682,17.962,5.094,7.06,Agent A
201,14,14.357,153,0.762,2,4.943,0.01,67.31,1196,16.965,2.729,7.08,Agent B
236,17,13.882,126,0.533,0,6.014,0.0774,63.54,1634,17.241,2.645,6.72,Agent A
236,12,19.667,116,0.49,1,4.433,0.0356,23.95,1268,16.966,2.949,4.32,Agent B
168,24,7.0,100,0.593,0,5.536,0.029,93.21,1088,14.067,4.604,5.08,Agent B
104,11,9.455,66,0.636,0,4.695,0.0646,36.33,592,14.005,5.013,5.56,Agent B
208,13,16.0,101,0.487,0,4.345,0.0537,51.49,1116,15.352,4.667,6.97,Agent B
118,8,14.75,67,0.565,2,5.92,0.0311,72.1,803,17.607,5.892,6.46,Agent B
195,16,12.188,130,0.667,0,5.364,0.0644,83.32,1226,16.256,7.214,8.31,Agent B
141,7,20.143,90,0.638,1,5.094,0.0685,58.43,877,18.891,3.827,8.48,Agent A
54,2,27.0,35,0.653,0,5.108,0.01,57.38,319,21.726,4.937,7.44,Agent A
220,9,24.444,92,0.417,2,5.109,0.0503,28.12,1328,19.526,2.622,5.88,Agent B
196,12,16.333,147,0.748,0,5.083,0.0437,58.84,1203,17.895,2.939,6.71,Agent B
238,19,12.526,105,0.443,0,4.131,0.0273,49.99,1221,13.421,3.49,5.64,Agent B
125,5,25.0,70,0.557,1,4.735,0.0401,34.49,726,19.887,4.176,7.74,Agent B
68,5,13.6,37,0.539,0,5.508,0.1004,60.81,459,16.399,3.766,6.03,Agent B
252,17,14.824,107,0.423,1,5.863,0.0403,72.07,1735,16.842,4.792,7.02,Agent B
46,2,23.0,29,0.625,0,5.994,0.0264,21.25,321,21.317,5.114,7.04,Agent B
3,1,3.0,3,0.866,0,6.099,0.0363,68.57,31,14.68,2.456,2.51,Agent B
131,5,26.2,72,0.547,1,4.352,0.0593,51.27,688,19.741,4.706,7.21,Agent A
98,4,24.5,44,0.451,3,5.398,0.06,40.61,646,20.152,6.596,7.72,Agent A
30,2,15.0,12,0.416,2,5.908,0.0668,32.5,231,16.945,2.468,5.65,Agent B
201,10,20.1,130,0.646,0,5.469,0.0611,43.28,1303,19.472,7.006,7.97,Agent A
148,7,21.143,55,0.372,0,5.355,0.01,76.04,957,18.349,3.349,5.28,Agent B
98,4,24.5,79,0.803,0,4.814,0.0359,26.31,578,21.034,5.408,7.89,Agent A
186,16,11.625,120,0.644,2,6.089,0.0673,11.61,1308,17.003,0.785,5.39,Agent B
169,11,15.364,129,0.766,0,5.823,0.0686,45.46,1155,18.71,1.364,5.58,Agent B
129,11,11.727,101,0.78,1,5.599,0.0755,100.0,839,16.991,2.271,5.72,Agent B
67,6,11.167,48,0.711,0,5.746,0.0443,80.76,472,16.639,1.988,7.0,Agent A
55,4,13.75,38,0.697,2,5.418,0.0852,50.32,369,17.114,6.418,8.66,Agent A
181,10,18.1,108,0.599,1,5.345,0.0346,60.95,1122,18.251,4.661,7.34,Agent B
210,12,17.5,102,0.484,0,4.812,0.0413,73.8,1216,16.637,4.694,7.55,Agent B
155,15,10.333,104,0.67,0,5.012,0.0307,27.82,916,15.003,5.094,6.72,Agent A
98,6,16.333,46,0.465,2,3.908,0.0649,75.12,500,14.72,5.32,7.04,Agent A
178,14,12.714,83,0.465,2,5.686,0.0655,89.05,1181,15.941,2.323,6.71,Agent A
146,8,18.25,89,0.608,3,4.802,0.0596,47.93,850,17.544,3.769,7.13,Agent A
66,3,22.0,42,0.642,1,4.731,0.0812,57.41,381,19.109,6.516,8.21,Agent A
148,9,16.444,96,0.651,1,4.86,0.0683,48.13,874,17.124,8.542,8.51,Agent A
166,9,18.444,99,0.594,2,5.689,0.0349,40.69,1101,18.882,5.244,7.53,Agent A
135,8,16.875,75,0.558,0,5.878,0.043,47.55,933,18.359,1.421,6.21,Agent B
147,7,21.0,77,0.523,0,5.418,0.0646,92.76,974,19.143,5.67,8.28,Agent A
124,8,15.5,80,0.649,0,5.705,0.0312,11.84,865,18.0,5.801,7.64,Agent A
60,4,15.0,24,0.401,2,4.509,0.0265,55.79,326,14.771,5.505,5.75,Agent B
146,11,13.273,85,0.584,1,5.266,0.0547,73.83,907,16.13,1.47,3.31,Agent B
199,20,9.95,112,0.564,0,6.446,0.0158,67.76,1504,16.467,1.609,4.86,Agent B
116,8,14.5,69,0.593,1,4.83,0.0416,50.91,659,16.009,5.315,6.6,Agent A
147,14,10.5,109,0.741,2,4.559,0.0367,51.34,813,14.743,5.364,6.51,Agent A
217,13,16.692,148,0.684,0,5.187,0.0895,33.25,1344,17.876,5.422,7.54,Agent A
203,12,16.917,102,0.502,0,6.124,0.0603,43.82,1458,18.461,6.068,7.75,Agent B
172,11,15.636,113,0.66,2,5.37,0.0443,56.49,1076,17.608,5.54,8.85,Agent A
166,11,15.091,109,0.656,1,3.957,0.0591,17.3,804,15.25,3.825,6.11,Agent B
132,8,16.5,71,0.54,1,6.538,0.0642,45.35,989,19.105,4.148,7.89,Agent A
91,8,11.375,44,0.485,0,4.896,0.0256,65.12,532,14.317,3.568,6.53,Agent B
140,8,17.5,94,0.669,2,4.791,0.086,64.92,810,17.529,9.663,9.41,Agent A
146,10,14.6,96,0.659,2,5.699,0.0376,66.3,992,17.684,6.865,7.44,Agent A
156,10,15.6,114,0.733,1,4.853,0.0733,62.43,906,17.185,5.84,8.14,Agent A
142,11,12.909,76,0.534,2,4.392,0.0177,53.51,739,14.422,5.503,8.41,Agent A
132,6,22.0,91,0.692,2,4.573,0.0385,51.81,733,19.119,3.734,6.8,Agent B
193,13,14.846,118,0.613,5,6.632,0.0449,71.3,1467,18.95,5.232,7.74,Agent A
193,15,12.867,137,0.712,0,4.271,0.0513,33.3,1020,15.113,5.496,5.84,Agent B
156,11,14.182,113,0.726,3,4.868,0.0524,49.69,909,16.603,3.292,6.24,Agent A
66,6,11.0,46,0.696,1,5.306,0.0588,52.05,425,15.84,1.721,6.77,Agent A
55,2,27.5,42,0.755,1,3.2,0.0485,80.95,234,19.576,3.617,6.64,Agent A
103,7,14.714,71,0.691,0,4.891,0.0518,69.44,619,16.678,5.167,7.79,Agent A
140,6,23.333,77,0.548,1,5.501,0.0454,64.85,890,20.323,5.358,9.48,Agent A
231,13,17.769,102,0.44,1,4.873,0.0741,43.37,1376,16.618,3.49,6.87,Agent B
130,8,16.25,67,0.516,0,6.143,0.0439,47.76,935,18.293,4.065,5.91,Agent B
138,17,8.118,55,0.401,1,4.611,0.0723,77.49,775,12.169,4.329,4.42,Agent B
231,13,17.769,155,0.672,3,5.772,0.0509,88.99,1539,19.126,1.849,7.22,Agent B
150,24,6.25,87,0.581,4,4.004,0.0854,48.03,756,11.411,4.981,7.06,Agent A
193,12,16.083,112,0.578,3,5.346,0.0647,70.27,1253,17.341,6.104,8.48,Agent A
43,2,21.5,29,0.67,2,4.305,0.0591,40.62,201,18.409,6.445,6.59,Agent B
148,10,14.8,65,0.439,1,4.375,0.0435,43.16,815,14.679,6.445,7.14,Agent B
62,4,15.5,53,0.852,1,5.76,0.0464,85.58,442,19.1,4.299,6.73,Agent B
106,7,15.143,84,0.794,1,5.485,0.0526,82.39,691,18.252,2.544,6.74,Agent B
242,13,18.615,202,0.835,1,6.331,0.0434,60.22,1785,21.119,2.011,7.4,Agent A
83,3,27.667,36,0.437,1,6.237,0.0588,28.75,571,22.607,3.425,5.95,Agent B
129,7,18.429,88,0.685,1,5.495,0.0673,37.23,843,19.037,0.795,5.78,Agent B
47,4,11.75,27,0.581,1,3.951,0.082,33.94,215,13.53,1.022,5.27,Agent B
116,8,14.5,88,0.758,3,5.456,0.0216,98.21,765,17.776,3.753,6.07,Agent B
205,13,15.769,120,0.585,1,5.326,0.0284,61.3,1279,17.219,4.385,9.08,Agent A
152,18,8.444,98,0.645,1,4.641,0.0102,88.28,841,13.564,6.282,5.66,Agent B
35,2,17.5,22,0.632,0,4.317,0.057,76.85,204,16.637,8.694,7.34,Agent B
115,6,19.167,92,0.798,2,4.661,0.0435,47.08,654,18.647,4.229,5.54,Agent B
184,11,16.727,167,0.909,1,5.635,0.0903,88.64,1241,19.688,2.865,7.0,Agent A
127,6,21.167,121,0.95,0,4.585,0.0291,61.86,695,20.095,6.332,9.34,Agent A
197,9,21.889,132,0.671,1,5.743,0.0731,21.27,1303,20.727,4.293,8.87,Agent B
70,5,14.0,39,0.561,1,4.91,0.0493,20.93,408,15.77,5.839,7.34,Agent B
209,21,9.952,116,0.554,1,5.853,0.0461,66.71,1454,15.531,5.032,6.24,Agent B
151,9,16.778,103,0.685,1,4.888,0.0737,77.39,869,17.47,0.0,5.31,Agent B
73,4,18.25,40,0.553,0,5.517,0.0741,54.83,464,18.341,4.647,8.27,Agent A
19,1,19.0,14,0.736,3,4.808,0.0361,54.62,114,18.491,4.566,5.22,Agent B
249,17,14.647,193,0.774,1,5.963,0.0491,25.86,1741,18.673,3.249,7.0,Agent A
107,4,26.75,69,0.648,2,5.805,0.0216,58.47,744,22.648,7.535,8.53,Agent A
104,11,9.455,48,0.464,0,3.796,0.0491,95.87,523,11.795,8.338,6.7,Agent B
121,9,13.444,92,0.758,2,4.637,0.0723,36.85,661,16.121,5.219,4.83,Agent B
153,11,13.909,91,0.592,2,4.295,0.0466,53.04,812,14.966,7.924,6.56,Agent B
151,11,13.727,105,0.694,3,4.937,0.0518,34.03,945,16.365,5.597,6.5,Agent A
192,18,10.667,102,0.533,2,4.112,0.102,97.52,951,13.102,5.874,6.9,Agent B
119,6,19.833,71,0.598,1,4.98,0.0296,82.52,719,18.394,2.574,8.16,Agent A
95,5,19.0,40,0.418,0,4.316,0.062,57.71,521,16.164,2.302,6.1,Agent B
142,9,15.778,85,0.602,0,4.187,0.0565,75.95,721,15.599,3.364,6.55,Agent B
191,20,9.55,86,0.45,0,6.619,0.0885,51.12,1461,15.999,0.596,5.02,Agent B
14,1,14.0,7,0.515,0,5.313,0.0327,54.67,85,16.142,3.298,3.81,Agent B
243,13,18.692,140,0.574,1,4.794,0.0486,83.13,1414,17.539,3.359,6.46,Agent B
189,8,23.625,102,0.538,1,4.967,0.0498,49.2,1141,19.592,7.355,9.09,Agent A
175,10,17.5,111,0.633,0,5.603,0.0603,72.01,1161,18.57,6.202,8.82,Agent A
306,23,13.304,163,0.533,0,6.236,0.0381,43.66,2206,17.341,5.049,6.07,Agent B
72,4,18.0,40,0.55,1,4.399,0.0511,61.2,399,16.546,3.573,5.28,Agent B
90,5,18.0,43,0.481,2,4.81,0.0354,43.77,511,16.819,4.124,7.31,Agent A
56,3,18.667,38,0.684,1,4.522,0.0373,43.41,305,17.669,9.036,9.8,Agent A
245,13,18.846,160,0.651,0,6.318,0.0263,17.93,1790,20.273,2.264,6.59,Agent B
96,6,16.0,45,0.464,0,6.902,0.0706,65.14,749,19.071,4.685,7.57,Agent A
64,3,21.333,40,0.618,1,3.92,0.0689,60.75,343,17.505,7.275,7.94,Agent B
200,13,15.385,120,0.598,2,4.36,0.0875,65.8,1065,15.686,0.0,4.69,Agent B
170,9,18.889,101,0.592,1,4.747,0.059,84.61,980,17.638,2.777,6.56,Agent B
292,16,18.25,154,0.528,1,4.657,0.0438,35.97,1667,16.926,1.969,5.91,Agent B
112,6,18.667,60,0.538,2,5.186,0.0514,29.17,693,17.937,0.772,4.95,Agent B
12,1,12.0,7,0.563,0,5.571,0.0678,26.83,73,15.971,5.668,3.31,Agent B
209,12,17.417,131,0.627,0,4.636,0.0409,48.66,1178,17.055,3.84,6.94,Agent A
182,9,20.222,115,0.633,1,5.879,0.0747,21.85,1249,20.072,3.865,8.71,Agent A
154,13,11.846,101,0.657,1,5.138,0.0644,66.13,959,15.73,0.0,5.43,Agent B
